record_id,attendance_pct,assessment_pct,assignment_pct,engagement_score,prior_performance_pct,risk_label
STU-001,92,84,88,8,81,low
STU-002,42,75,78,7,74,medium
STU-003,55,35,30,3,40,high
STU-004,78,48,52,9,45,medium
STU-005,70,60,60,5,60,medium
STU-006,95,91,94,9,89,low
STU-007,65,72,69,6,71,medium
STU-008,40,45,50,4,48,high
STU-009,88,77,80,7,79,low
STU-010,73,55,62,5,58,medium
STU-011,50,52,49,4,50,medium
STU-012,84,61,66,8,64,low
STU-013,62,40,43,2,44,high
STU-014,76,80,75,7,78,low
STU-015,68,58,55,6,57,medium
STU-016,99,97,96,10,95,low
STU-017,45,62,64,5,59,medium
STU-018,58,38,42,3,36,high
STU-019,81,70,73,8,69,low
STU-020,71,67,65,6,63,medium
